name;tipo;email
aba97c1c-96b4-4a52-8b72-a185512a691c;21024;Rogers27@hotmail.com
94217ebb-a94d-4057-b762-c521e8d85e58;746;Karen_Schneider12@gmail.com
77225013-5af2-4ba8-b55f-eca23298f2b6;25912;Trever_Hilll65@gmail.com
873f6140-18a8-4f83-8103-adb62caf2332;43323;Raphael.Abshire13@hotmail.com
33cc0736-c909-4910-a512-53a620a12ae8;16882;Theodore.Monahan74@gmail.com
72071986-5a88-43ae-a32c-6364a8ab140a;1110;Danny.Wehner@yahoo.com
e2bebeda-35ed-401e-906a-ebba0c0001e0;14322;Edna_Cormier@yahoo.com
d156ac57-402e-4c8b-af63-0d31301695a4;26172;Zander_Upton71@gmail.com
c2ce8d09-1d21-4c41-a467-6168ba6fefda;91076;Kiara1@gmail.com
450c20cc-ff6e-4074-a6c3-c38a012e92a3;41712;Joshua.Hand@yahoo.com
